{
  "concept": 1,
  "actuation": 1,
  "l1": 0.045,
  "l2": 0.03,
  "l3": 0.015,
  "r1m": 0.011997,
  "r1p": 0.011,
  "r1d": 0.00745,
  "r2m": 0.015,
  "rxp": 0.0061,
  "rxd": 0.00745,
  "rym": 0.0075,
  "ryp": 0.005,
  "Tyi": 4.448,
  "ky": 2277,
  "delx": 0,
  "lead1": 0.0005,
  "lead2": 0.0005,
  "eff1": 0.9,
  "eff2": 0.9,
  "taua1_max": 0.00593,
  "taua1_stall": 0.0813,
  "a1dot_max": 6995.2796419932729,
  "taua2_max": 0.00593,
  "taua2_stall": 0.0813,
  "a2dot_max": 6995.2796419932729,
  "rev_v_decay": 0.5
}