{
  "concept": 2,
  "actuation": 1,
  "l1": 0.05,
  "l2": 0.035,
  "l3": 0.025,
  "r1m": 0.006326,
  "r1p": 0.01,
  "r1d": 0.0075,
  "r2m": 0.0125,
  "rxp": 0.0045,
  "rxd": 0.0055,
  "rym": 0.012,
  "ryp": 0.006,
  "Tyi": 5,
  "ky": 300,
  "delx": 0,
  "lead1": 0.001,
  "lead2": 0.001,
  "eff1": 0.9,
  "eff2": 0.9,
  "taua1_max": 0.00593,
  "taua1_stall": 0.0813,
  "a1dot_max": 6995.2796419932729,
  "taua2_max": 0.00593,
  "taua2_stall": 0.0813,
  "a2dot_max": 6995.2796419932729,
  "rev_v_decay": 0.5
}